05/12/14	Dexter: Season 5: "Beauty and the Beast"	Report a problem	×
05/12/14	Dexter: Season 5: "Practically Perfect"	Report a problem	×
05/12/14	The Zero Theorem	Report a problem	×
05/12/14	Brooklyn Nine-Nine: Season 1: "Charges and Specs"	Report a problem	×
04/12/14	Brooklyn Nine-Nine: Season 1: "Unsolvable"	Report a problem	×
04/12/14	Brooklyn Nine-Nine: Season 1: "Fancy Brudgom"	Report a problem	×
04/12/14	Brooklyn Nine-Nine: Season 1: "Tactical Village"	Report a problem	×
04/12/14	Brooklyn Nine-Nine: Season 1: "The Apartment"	Report a problem	×
04/12/14	Brooklyn Nine-Nine: Season 1: "Full Boyle"	Report a problem	×
04/12/14	Brooklyn Nine-Nine: Season 1: "The Party"	Report a problem	×
04/12/14	Brooklyn Nine-Nine: Season 1: "Operation: Broken Feather"	Report a problem	×
04/12/14	Brooklyn Nine-Nine: Season 1: "The Ebony Falcon"	Report a problem	×
04/12/14	Brooklyn Nine-Nine: Season 1: "The Bet"	Report a problem	×
04/12/14	Brooklyn Nine-Nine: Season 1: "Pontiac Bandit"	Report a problem	×
04/12/14	Brooklyn Nine-Nine: Season 1: "Christmas"	Report a problem	×
04/12/14	Brooklyn Nine-Nine: Season 1: "Thanksgiving"	Report a problem	×
03/12/14	Brooklyn Nine-Nine: Season 1: "Sal's Pizza"	Report a problem	×
03/12/14	Brooklyn Nine-Nine: Season 1: "Old School"	Report a problem	×
03/12/14	Brooklyn Nine-Nine: Season 1: "48 Hours"	Report a problem	×
03/12/14	Brooklyn Nine-Nine: Season 1: "Halloween"	Report a problem	×
03/12/14	Brooklyn Nine-Nine: Season 1: "The Vulture"	Report a problem	×
03/12/14	Brooklyn Nine-Nine: Season 1: "M.E. Time"	Report a problem	×
03/12/14	Brooklyn Nine-Nine: Season 1: "The Slump"	Report a problem	×
03/12/14	Brooklyn Nine-Nine: Season 1: "The Tagger"	Report a problem	×
03/12/14	Brooklyn Nine-Nine: Season 1: "Pilot"	Report a problem	×
26/11/14	Dexter: Season 5: "Hello, Bandit"	Report a problem	×
26/11/14	Dexter: Season 5: "My Bad"	Report a problem	×
23/11/14	Jodorowsky's Dune	Report a problem	×
22/11/14	The Wolf of Wall Street	Report a problem	×
20/11/14	The 100: Season 2: "Human Trials"	Report a problem	×
20/11/14	The 100: Season 2: "Many Happy Returns"	Report a problem	×
12/11/14	The 100: Season 2: "Reapercussions"	Report a problem	×
10/11/14	The 100: Season 2: "Inclement Weather"	Report a problem	×
10/11/14	The 100: Season 2: "The 48"	Report a problem	×
02/11/14	The 100: Season 1: "Pilot"	Report a problem	×
13/10/14	Killing Them Softly	Report a problem	×
12/10/14	Particle Fever	Report a problem	×
10/10/14	The Human Scale	Report a problem	×
10/10/14	Print the Legend	Report a problem	×
03/10/14	Rise of the Planet of the Apes	Report a problem	×
03/10/14	Journey to the Center of the Earth	Report a problem	×
03/10/14	Fantastic Voyage	Report a problem	×
03/10/14	Lockout	Report a problem	×
04/09/14	BoJack Horseman: Season 1: "Later"	Report a problem	×
04/09/14	BoJack Horseman: Season 1: "Downer Ending"	Report a problem	×
04/09/14	BoJack Horseman: Season 1: "One Trick Pony"	Report a problem	×
04/09/14	BoJack Horseman: Season 1: "Horse Majeure"	Report a problem	×
04/09/14	BoJack Horseman: Season 1: "The Telescope"	Report a problem	×
04/09/14	BoJack Horseman: Season 1: "Say Anything"	Report a problem	×
04/09/14	BoJack Horseman: Season 1: "Our A-Story Is A 'D' Story"	Report a problem	×
04/09/14	BoJack Horseman: Season 1: "Live Fast, Diane Nguyen"	Report a problem	×
03/09/14	BoJack Horseman: Season 1: "Zoës and Zeldas"	Report a problem	×
03/09/14	BoJack Horseman: Season 1: "Prickly-Muffin"	Report a problem	×
03/09/14	BoJack Horseman: Season 1: "BoJack Hates The Troops"	Report a problem	×
03/09/14	BoJack Horseman: Season 1: "BoJack Horseman: The BoJack Horseman Story, Chapter One"	Report a problem	×
03/09/14	Blue Ruin	Report a problem	×
02/09/14	Merlin: Season 4: "The Secret Sharer"	Report a problem	×
02/09/14	Merlin: Season 4: "A Servant of Two Masters"	Report a problem	×
02/09/14	Merlin: Season 4: "His Father's Son"	Report a problem	×
02/09/14	Merlin: Season 4: "Aithusa"	Report a problem	×
01/09/14	Merlin: Season 4: "The Wicked Day"	Report a problem	×
31/08/14	Merlin: Season 4: "The Darkest Hour: Part 2"	Report a problem	×
31/08/14	Merlin: Season 4: "The Darkest Hour: Part 1"	Report a problem	×
30/08/14	Merlin: Season 3: "The Coming of Arthur: Part 2"	Report a problem	×
30/08/14	Merlin: Season 3: "The Coming of Arthur: Part 1"	Report a problem	×
29/08/14	Merlin: Season 3: "The Sorcerer's Shadow"	Report a problem	×
28/08/14	Merlin: Season 3: "Queen of Hearts"	Report a problem	×
28/08/14	Merlin: Season 3: "Love in the Time of Dragons"	Report a problem	×
28/08/14	Merlin: Season 3: "The Eye of the Phoenix"	Report a problem	×
25/08/14	Merlin: Season 3: "The Castle of Fyrien"	Report a problem	×
25/08/14	Merlin: Season 3: "The Changeling"	Report a problem	×
24/08/14	Merlin: Season 3: "The Crystal Cave"	Report a problem	×
24/08/14	Merlin: Season 3: "Gwaine"	Report a problem	×
24/08/14	Merlin: Season 3: "Goblin's Gold"	Report a problem	×
22/08/14	Merlin: Season 3: "The Tears of Uther Pendragon: Part 2"	Report a problem	×
22/08/14	Merlin: Season 3: "The Tears of Uther Pendragon: Part 1"	Report a problem	×
21/08/14	Merlin: Season 2: "The Last Dragonlord"	Report a problem	×
20/08/14	Merlin: Season 2: "The Fires of Idirsholas"	Report a problem	×
20/08/14	Merlin: Season 2: "The Witch's Quickening"	Report a problem	×
20/08/14	Merlin: Season 2: "Sweet Dreams"	Report a problem	×
18/08/14	Merlin: Season 2: "The Lady of the Lake"	Report a problem	×
18/08/14	Merlin: Season 2: "The Sins of the Father"	Report a problem	×
18/08/14	Merlin: Season 2: "The Witchfinder"	Report a problem	×
17/08/14	Merlin: Season 2: "Beauty and the Beast: Part 2"	Report a problem	×
17/08/14	Merlin: Season 2: "Beauty and the Beast: Part 1"	Report a problem	×
17/08/14	Merlin: Season 2: "Lancelot and Guinevere"	Report a problem	×
17/08/14	Merlin: Season 2: "The Nightmare Begins"	Report a problem	×
17/08/14	Merlin: Season 2: "The Once and Future Queen"	Report a problem	×
17/08/14	Merlin: Season 2: "The Curse of Cornelius Sigan"	Report a problem	×
12/08/14	Merlin: Season 1: "Le Morte d'Arthur"	Report a problem	×
12/08/14	Merlin: Season 1: "To Kill the King"	Report a problem	×
12/08/14	Merlin: Season 1: "The Labyrinth of Gedref"	Report a problem	×
07/08/14	Merlin: Season 1: "The Moment of Truth"	Report a problem	×
06/08/14	Merlin: Season 1: "Excalibur"	Report a problem	×
06/08/14	Merlin: Season 1: "The Beginning of the End"	Report a problem	×
06/08/14	Merlin: Season 1: "The Gates of Avalon"	Report a problem	×
05/08/14	Merlin: Season 1: "A Remedy to Cure All Ills"	Report a problem	×
01/08/14	Merlin: Season 1: "Lancelot"	Report a problem	×
01/08/14	Merlin: Season 1: "The Poisoned Chalice"	Report a problem	×
31/07/14	Merlin: Season 1: "The Mark of Nimueh"	Report a problem	×
30/07/14	Merlin: Season 1: "Valiant"	Report a problem	×
30/07/14	Merlin: Season 1: "The Dragon's Call"	Report a problem	×
07/07/14	The East	Report a problem	×
06/07/14	Take Shelter	Report a problem	×
29/06/14	Jack Reacher	Report a problem	×
25/06/14	Winter's Bone	Report a problem	×
16/06/14	Orange Is the New Black: Season 2: "We Have Manners. We're Polite."	Report a problem	×
16/06/14	Orange Is the New Black: Season 2: "It Was the Change"	Report a problem	×
16/06/14	Orange Is the New Black: Season 2: "Take a Break From Your Values"	Report a problem	×
16/06/14	Orange Is the New Black: Season 2: "Little Mustachioed Shit"	Report a problem	×
16/06/14	Orange Is the New Black: Season 2: "40 Oz. of Furlough"	Report a problem	×
15/06/14	Orange Is the New Black: Season 2: "Appropriately Sized Pots"	Report a problem	×
15/06/14	The 100: Season 1: "We Are Grounders: Part II"	Report a problem	×
11/06/14	Orange Is the New Black: Season 2: "Comic Sans"	Report a problem	×
11/06/14	Orange Is the New Black: Season 2: "You Also Have a Pizza"	Report a problem	×
11/06/14	Orange Is the New Black: Season 2: "Low Self Esteem City"	Report a problem	×
11/06/14	Orange Is the New Black: Season 2: "A Whole Other Hole"	Report a problem	×
11/06/14	Orange Is the New Black: Season 2: "Hugs Can Be Deceiving"	Report a problem	×
11/06/14	Orange Is the New Black: Season 2: "Looks Blue, Tastes Red"	Report a problem	×
10/06/14	Orange Is the New Black: Season 2: "Thirsty Bird"	Report a problem	×
10/06/14	Orange Is the New Black: Season 1 (Recap)	Report a problem	×
10/06/14	The 100: Season 1: "We Are Grounders: Part I"	Report a problem	×
30/05/14	Archer: Season 1: "Job Offer"	Report a problem	×
30/05/14	Archer: Season 1: "The Rock"	Report a problem	×
29/05/14	The 100: Season 1: "The Calm"	Report a problem	×
29/05/14	Jericho: Season 2: "Patriots and Tyrants"	Report a problem	×
28/05/14	Jericho: Season 2: "Sedition"	Report a problem	×
28/05/14	Jericho: Season 2: "Termination for Cause"	Report a problem	×
28/05/14	Jericho: Season 2: "Oversight"	Report a problem	×
28/05/14	Jericho: Season 2: "Jennings & Rall"	Report a problem	×
27/05/14	Jericho: Season 2: "Condor"	Report a problem	×
26/05/14	Jericho: Season 2: "Reconstruction"	Report a problem	×
26/05/14	Jericho: Season 1: "Why We Fight"	Report a problem	×
26/05/14	Jericho: Season 1: "Coalition of the Willing"	Report a problem	×
26/05/14	Jericho: Season 1: "One if by Land"	Report a problem	×
26/05/14	Jericho: Season 1: "Casus Belli"	Report a problem	×
26/05/14	Jericho: Season 1: "A.K.A"	Report a problem	×
26/05/14	Jericho: Season 1: "One Man's Terrorist"	Report a problem	×
25/05/14	Jericho: Season 1: "Winter's End"	Report a problem	×
25/05/14	Jericho: Season 1: "Semper Fidelis"	Report a problem	×
25/05/14	Jericho: Season 1: "Heart of Winter"	Report a problem	×
25/05/14	Jericho: Season 1: "Black Jack"	Report a problem	×
25/05/14	Jericho: Season 1: "The Day Before"	Report a problem	×
25/05/14	Jericho: Season 1: "Return to Jericho"	Report a problem	×
25/05/14	Jericho: Season 1: "Vox Populi"	Report a problem	×
25/05/14	Jericho: Season 1: "Red Flag"	Report a problem	×
24/05/14	Jericho: Season 1: "Crossroads"	Report a problem	×
24/05/14	Jericho: Season 1: "Rogue River"	Report a problem	×
24/05/14	Jericho: Season 1: "Long Live the Mayor"	Report a problem	×
24/05/14	Jericho: Season 1: "9:02"	Report a problem	×
24/05/14	Jericho: Season 1: "Federal Response"	Report a problem	×
24/05/14	Jericho: Season 1: "Walls of Jericho"	Report a problem	×
23/05/14	Jericho: Season 1: "Four Horsemen"	Report a problem	×
22/05/14	Jericho: Season 1: "Fallout"	Report a problem	×
22/05/14	Jericho: Season 1: "Pilot"	Report a problem	×
22/05/14	The 100: Season 1: "I Am Become Death"	Report a problem	×
21/05/14	Dragons' Den: Season 2: "Episode 2"	Report a problem	×
21/05/14	Dragons' Den: Season 2: "Episode 1"	Report a problem	×
21/05/14	Mark Zuckerberg: Bloomberg Game Changers	Report a problem	×
21/05/14	Misfits: Season 4: "Episode 1"	Report a problem	×
19/05/14	Google: Bloomberg Game Changers	Report a problem	×
19/05/14	Elon Musk: Bloomberg Risk Takers	Report a problem	×
19/05/14	The Inexplicable Universe with Neil deGrasse Tyson: "The Spooky Universe"	Report a problem	×
19/05/14	The Inexplicable Universe with Neil deGrasse Tyson: "History's Mysteries"	Report a problem	×
19/05/14	The 100: Season 1: "Unity Day"	Report a problem	×
10/05/14	Spider-Man 3	Report a problem	×
10/05/14	From Dusk Till Dawn: Season 1: "La Conquista"	Report a problem	×
10/05/14	From Dusk Till Dawn: Season 1: "Pilot"	Report a problem	×
09/05/14	The 100: Season 1: "Day Trip"	Report a problem	×
05/05/14	From Dusk Till Dawn: Season 1: "Pandemonium"	Report a problem	×
05/05/14	From Dusk Till Dawn: Season 1: "Place of Dead Roads"	Report a problem	×
05/05/14	Just Go with It	Report a problem	×
04/05/14	The Taking of Pelham 123	Report a problem	×
04/05/14	The 100: Season 1: "Contents Under Pressure"	Report a problem	×
28/04/14	The Loved Ones	Report a problem	×
28/04/14	From Dusk Till Dawn: Season 1: "Self-Contained"	Report a problem	×
28/04/14	From Dusk Till Dawn: Season 1: "Let's Get Ramblin'"	Report a problem	×
27/04/14	From Dusk Till Dawn: Season 1: "Mistress"	Report a problem	×
27/04/14	From Dusk Till Dawn: Season 1: "Blood Runs Thick"	Report a problem	×
25/04/14	The 100: Season 1: "His Sister's Keeper"	Report a problem	×
25/04/14	The 100: Season 1: "Twilight's Last Gleaming"	Report a problem	×
16/04/14	Dredd	Report a problem	×
14/04/14	The 100: Season 1: "Murphy's Law"	Report a problem	×
14/04/14	The 100: Season 1: "Earth Kills"	Report a problem	×
27/03/14	The 100: Season 1: "Earth Skills"	Report a problem	×
24/03/14	13	Report a problem	×
23/03/14	Haywire	Report a problem	×
18/03/14	Boss: Season 1: "Spit"	Report a problem	×
17/03/14	Boss: Season 1: "Remembered"	Report a problem	×
17/03/14	Boss: Season 1: "Slip"	Report a problem	×
15/03/14	Archer: Season 4: "Sea Tunt: Part II"	Report a problem	×
14/03/14	Boss: Season 1: "Swallow"	Report a problem	×
13/03/14	Boss: Season 1: "Reflex"	Report a problem	×
13/03/14	Boss: Season 1: "Listen"	Report a problem	×
13/03/14	Takers	Report a problem	×
09/03/14	Project X	Report a problem	×
08/03/14	Tower Block	Report a problem	×
07/03/14	Portlandia: Season 1: "A Song for Portland"	Report a problem	×
07/03/14	Portlandia: Season 1: "Farm"	Report a problem	×
06/03/14	Scott Pilgrim vs. The World	Report a problem	×
05/03/14	The IT Crowd: Series 4: "The Final Countdown"	Report a problem	×
04/03/14	The IT Crowd: Series 4: "Jen the Fredo"	Report a problem	×
04/03/14	Futurama: Season 10: "Meanwhile"	Report a problem	×
04/03/14	A History of Violence	Report a problem	×
02/03/14	King of New York	Report a problem	×
01/03/14	No Country for Old Men	Report a problem	×
01/03/14	The Bothersome Man	Report a problem	×
01/03/14	Community: Season 4: "Cooperative Escapism in Familial Relations"	Report a problem	×
01/03/14	Community: Season 4: "Alternative History of the German Invasion"	Report a problem	×
01/03/14	Community: Season 4: "Conventions of Space and Time"	Report a problem	×
01/03/14	Community: Season 4: "Paranormal Parentage"	Report a problem	×
01/03/14	Community: Season 4: "History 101"	Report a problem	×
01/03/14	Community: Season 3: "Introduction to Finality"	Report a problem	×
01/03/14	Community: Season 3: "The First Chang Dynasty"	Report a problem	×
01/03/14	Community: Season 3: "Digital Estate Planning"	Report a problem	×
01/03/14	Community: Season 3: "Curriculum Unavailable"	Report a problem	×
01/03/14	Community: Season 3: "Course Listing Unavailable"	Report a problem	×
01/03/14	Community: Season 3: "Basic Lupine Urology"	Report a problem	×
01/03/14	Community: Season 3: "Virtual Systems Analysis"	Report a problem	×
01/03/14	Community: Season 3: "Origins of Vampire Mythology"	Report a problem	×
01/03/14	Community: Season 3: "Pillows and Blankets"	Report a problem	×
01/03/14	Community: Season 3: "Digital Exploration of Interior Design"	Report a problem	×
01/03/14	Community: Season 3: "Contemporary Impressionists"	Report a problem	×
01/03/14	Community: Season 3: "Urban Matrimony and the Sandwich Arts"	Report a problem	×
01/03/14	Community: Season 3: "Regional Holiday Music"	Report a problem	×
27/02/14	Community: Season 3: "Foosball and Nocturnal Vigilantism"	Report a problem	×
27/02/14	Community: Season 3: "Documentary Filmmaking: Redux"	Report a problem	×
27/02/14	Community: Season 3: "Studies in Modern Movement"	Report a problem	×
27/02/14	Community: Season 3: "Advanced Gay"	Report a problem	×
27/02/14	Community: Season 3: "Horror Fiction in Seven Spooky Steps"	Report a problem	×
26/02/14	Community: Season 3: "Remedial Chaos Theory"	Report a problem	×
26/02/14	Community: Season 3: "Competitive Ecology"	Report a problem	×
25/02/14	The Lookout	Report a problem	×
16/02/14	House of Cards: Season 2: "Chapter 26"	Report a problem	×
16/02/14	House of Cards: Season 2: "Chapter 25"	Report a problem	×
16/02/14	House of Cards: Season 2: "Chapter 24"	Report a problem	×
16/02/14	House of Cards: Season 2: "Chapter 23"	Report a problem	×
16/02/14	House of Cards: Season 2: "Chapter 22"	Report a problem	×
16/02/14	House of Cards: Season 2: "Chapter 21"	Report a problem	×
16/02/14	House of Cards: Season 2: "Chapter 20"	Report a problem	×
16/02/14	House of Cards: Season 2: "Chapter 19"	Report a problem	×
15/02/14	House of Cards: Season 2: "Chapter 18"	Report a problem	×
15/02/14	House of Cards: Season 2: "Chapter 17"	Report a problem	×
15/02/14	House of Cards: Season 2: "Chapter 16"	Report a problem	×
15/02/14	House of Cards: Season 2: "Chapter 15"	Report a problem	×
15/02/14	House of Cards: Season 1 (Recap)	Report a problem	×
15/02/14	House of Cards: Season 2: "Chapter 14"	Report a problem	×
15/02/14	The 4400: Season 4: "The Great Leap Forward"	Report a problem	×
15/02/14	The 4400: Season 4: "Tiny Machines"	Report a problem	×
15/02/14	The 4400: Season 4: "Ghost in the Machine"	Report a problem	×
15/02/14	The 4400: Season 4: "One of Us"	Report a problem	×
13/02/14	The 4400: Season 4: "Daddy's Little Girl"	Report a problem	×
13/02/14	The 4400: Season 4: "No Exit"	Report a problem	×
13/02/14	The 4400: Season 4: "Till We Have Built Jerusalem"	Report a problem	×
13/02/14	The 4400: Season 4: "The Marked"	Report a problem	×
13/02/14	The 4400: Season 4: "Try the Pie"	Report a problem	×
13/02/14	The 4400: Season 4: "The Truth and Nothing but the Truth"	Report a problem	×
13/02/14	The 4400: Season 4: "Audrey Parker's Come and Gone"	Report a problem	×
13/02/14	The 4400: Season 4: "Fear Itself"	Report a problem	×
12/02/14	The 4400: Season 4: "The Wrath of Graham"	Report a problem	×
12/02/14	The 4400: Season 3: "Fifty-Fifty"	Report a problem	×
12/02/14	The 4400: Season 3: "Terrible Swift Sword"	Report a problem	×
11/02/14	The 4400: Season 3: "The Gospel According to Collier"	Report a problem	×
11/02/14	The 4400: Season 3: "The Starzl Mutation"	Report a problem	×
11/02/14	The 4400: Season 3: "The Ballad of Kevin and Tess"	Report a problem	×
11/02/14	The 4400: Season 3: "Blink"	Report a problem	×
11/02/14	The 4400: Season 3: "The Home Front"	Report a problem	×
11/02/14	The 4400: Season 3: "Graduation Day"	Report a problem	×
11/02/14	The 4400: Season 3: "Gone: Part 2"	Report a problem	×
11/02/14	The 4400: Season 3: "Gone: Part 1"	Report a problem	×
11/02/14	The 4400: Season 3: "Being Tom Baldwin"	Report a problem	×
10/02/14	The 4400: Season 3: "The New World: Part 2"	Report a problem	×
10/02/14	The 4400: Season 3: "The New World: Part 1"	Report a problem	×
10/02/14	The 4400: Season 2: "Mommy's Bosses"	Report a problem	×
10/02/14	The 4400: Season 2: "The Fifth Page"	Report a problem	×
10/02/14	The 4400: Season 2: "Lockdown"	Report a problem	×
10/02/14	The 4400: Season 2: "Hidden"	Report a problem	×
10/02/14	The 4400: Season 2: "Rebirth"	Report a problem	×
10/02/14	The 4400: Season 2: "Carrier"	Report a problem	×
09/02/14	The 4400: Season 2: "Life Interrupted"	Report a problem	×
09/02/14	The 4400: Season 2: "As Fate Would Have It"	Report a problem	×
09/02/14	The 4400: Season 2: "Suffer the Children"	Report a problem	×
09/02/14	The 4400: Season 2: "Weight of the World"	Report a problem	×
09/02/14	The 4400: Season 2: "Voices Carry"	Report a problem	×
09/02/14	The 4400: Season 2: "Wake-Up Call, Part 2"	Report a problem	×
09/02/14	The 4400: Season 2: "Wake-Up Call, Part 1"	Report a problem	×
09/02/14	The 4400: Season 1: "White Light"	Report a problem	×
09/02/14	The 4400: Season 1: "Trial by Fire"	Report a problem	×
09/02/14	The 4400: Season 1: "Becoming"	Report a problem	×
09/02/14	The 4400: Season 1: "The New and Improved Carl Morrissey"	Report a problem	×
09/02/14	The 4400: Season 1: "Pilot: Part 2"	Report a problem	×
09/02/14	The 4400: Season 1: "Pilot: Part 1"	Report a problem	×
08/02/14	Kill 'em All	Report a problem	×
06/02/14	Assassination Games	Report a problem	×
04/02/14	How I Met Your Mother: Season 8: "Something New"	Report a problem	×
04/02/14	How I Met Your Mother: Season 8: "Something Old"	Report a problem	×
04/02/14	How I Met Your Mother: Season 8: "The Bro Mitzvah"	Report a problem	×
04/02/14	How I Met Your Mother: Season 8: "Romeward Bound"	Report a problem	×
04/02/14	How I Met Your Mother: Season 8: "The Time Travelers"	Report a problem	×
03/02/14	How I Met Your Mother: Season 8: "The Fortress"	Report a problem	×
03/02/14	How I Met Your Mother: Season 8: "Weekend at Barney's"	Report a problem	×
03/02/14	How I Met Your Mother: Season 8: "The Ashtray"	Report a problem	×
03/02/14	How I Met Your Mother: Season 8: "Bad Crazy"	Report a problem	×
03/02/14	How I Met Your Mother: Season 8: "P.S. I Love You"	Report a problem	×
03/02/14	How I Met Your Mother: Season 8: "Ring Up!"	Report a problem	×
03/02/14	How I Met Your Mother: Season 8: "Band or DJ?"	Report a problem	×
03/02/14	How I Met Your Mother: Season 8: "The Final Page (Part 2)"	Report a problem	×
03/02/14	How I Met Your Mother: Season 8: "The Final Page (Part 1)"	Report a problem	×
03/02/14	How I Met Your Mother: Season 8: "The Over-Correction"	Report a problem	×
03/02/14	How I Met Your Mother: Season 8: "Lobster Crawl"	Report a problem	×
02/02/14	How I Met Your Mother: Season 8: "Twelve Horny Women"	Report a problem	×
02/02/14	How I Met Your Mother: Season 8: "The Stamp Tramp"	Report a problem	×
02/02/14	How I Met Your Mother: Season 8: "Splitsville"	Report a problem	×
02/02/14	How I Met Your Mother: Season 8: "The Autumn of Break-Ups"	Report a problem	×
02/02/14	How I Met Your Mother: Season 8: "Who Wants to Be a Godparent?"	Report a problem	×
02/02/14	How I Met Your Mother: Season 8: "Nannies"	Report a problem	×
02/02/14	How I Met Your Mother: Season 8: "The Pre-Nup"	Report a problem	×
02/02/14	How I Met Your Mother: Season 8: "Farhampton"	Report a problem	×
02/02/14	How I Met Your Mother: Season 7: "The Magician's Code Part 1"	Report a problem	×
02/02/14	How I Met Your Mother: Season 7: "Good Crazy"	Report a problem	×
02/02/14	Californication: Season 1: "Pilot"	Report a problem	×
01/02/14	Kevin Hart: Seriously Funny	Report a problem	×
01/02/14	Bill Burr: You People Are All the Same	Report a problem	×
01/02/14	Louis C.K.: Live at the Beacon Theater	Report a problem	×
31/01/14	Sky Captain and the World of Tomorrow	Report a problem	×
24/01/14	Archer: Season 4: "Sea Tunt: Part I"	Report a problem	×
24/01/14	Archer: Season 4: "The Papal Chase"	Report a problem	×
24/01/14	Archer: Season 4: "Un Chien Tangerine"	Report a problem	×
24/01/14	Archer: Season 4: "The Honeymooners"	Report a problem	×
23/01/14	Archer: Season 4: "Coyote Lovely"	Report a problem	×
23/01/14	Archer: Season 4: "Live and Let Dine"	Report a problem	×
22/01/14	Archer: Season 4: "Once Bitten"	Report a problem	×
22/01/14	Archer: Season 4: "Viscous Coupling"	Report a problem	×
22/01/14	Archer: Season 4: "Midnight Ron"	Report a problem	×
21/01/14	Little Black Book	Report a problem	×
21/01/14	Lola Versus	Report a problem	×
21/01/14	Battle: Los Angeles	Report a problem	×
21/01/14	Doomsday	Report a problem	×
18/01/14	Archer: Season 4: "Legs"	Report a problem	×
17/01/14	Archer: Season 4: "The Wind Cries Mary"	Report a problem	×
17/01/14	Archer: Season 4: "Fugue and Riffs"	Report a problem	×
16/01/14	Hanna	Report a problem	×
12/01/14	Colombiana	Report a problem	×
09/01/14	Ruby Sparks	Report a problem	×
09/01/14	Olympus Has Fallen	Report a problem	×
06/01/14	TED Talks: Sex, Secrets & Love: Sex, Secrets & Love: "Paul Zak: Trust, Morality and Oxytocin"	Report a problem	×
06/01/14	TED Talks: Sex, Secrets & Love: Sex, Secrets & Love: "Brené Brown: The Power of Vulnerability"	Report a problem	×
06/01/14	TED Talks: Sex, Secrets & Love: Sex, Secrets & Love: "Rufus Griscom & Alisa Volkman: Let's Talk Parenting Taboos"	
06/01/14	TED Talks: Sex, Secrets & Love: Sex, Secrets & Love: "Helen Fisher: Why We Love and Cheat"	Report a problem	×
06/01/14	TED Talks: Sex, Secrets & Love: Sex, Secrets & Love: "Mary Roach: 10 Things You Didn't Know About Orgasm"	Report a problem	×
06/01/14	House Hunting	Report a problem	×
01/01/14	TED Talks: Life Hack: Life Hack: "Joshua Foer: Feats of Memory Anyone Can Do"	Report a problem	×
01/01/14	TED Talks: Life Hack: Life Hack: "Shawn Achor: The Happy Secret to Better Work"	Report a problem	×
01/01/14	TED Talks: Life Hack: Life Hack: "Jane McGonigal: The Game That Can Give You 10 Extra Years of Life"	Report a problem	×
01/01/14	TED Talks: Life Hack: Life Hack: "Amy Cuddy: Your Body Language Shapes Who You Are"	Report a problem	×
01/01/14	When Strangers Clic