2015-12-25,Mansome 
2015-12-19,F Is for Family: Season 1: "The Bleedin’ in Sweden" 
2015-12-17,Marvel's Jessica Jones: Season 1: "AKA Smile" 
2015-12-17,Marvel's Jessica Jones: Season 1: "AKA Take a Bloody Number" 
2015-12-17,Marvel's Jessica Jones: Season 1: "AKA I've Got the Blues" 
2015-12-16,Marvel's Jessica Jones: Season 1: "AKA 1,000 Cuts" 
2015-12-16,Marvel's Jessica Jones: Season 1: "AKA Sin Bin" 
2015-12-16,Marvel's Jessica Jones: Season 1: "AKA WWJD?" 
2015-12-16,Marvel's Jessica Jones: Season 1: "AKA Top Shelf Perverts" 
2015-12-16,Marvel's Jessica Jones: Season 1: "AKA You're a Winner!" 
2015-12-15,Marvel's Jessica Jones: Season 1: "AKA The Sandwich Saved Me" 
2015-12-15,Marvel's Jessica Jones: Season 1: "AKA 99 Friends" 
2015-12-15,Marvel's Jessica Jones: Season 1: "AKA It's Called Whiskey" 
2015-12-14,Marvel's Jessica Jones: Season 1: "AKA Crush Syndrome" 
2015-12-14,Marvel's Jessica Jones: Season 1: "AKA Ladies Night" 
2015-12-12,Project Almanac 
2015-12-12,Time Lapse 
2015-12-12,Parallels 
2015-12-12,Ascension: "Chapter One, Part 1" 
2015-12-08,W/ Bob & David: Season 1: "Episode 5" 
2015-12-08,W/ Bob & David: Season 1: "Episode 4" 
2015-12-08,W/ Bob & David: Season 1: "Episode 3" 
2015-12-07,Master of None: Season 1: "Finale" 
2015-12-07,Master of None: Season 1: "Mornings" 
2015-12-07,Master of None: Season 1: "Old People" 
2015-12-05,Master of None: Season 1: "Ladies and Gentlemen" 
2015-12-05,Master of None: Season 1: "Nashville" 
2015-12-05,Master of None: Season 1: "The Other Man" 
2015-12-04,Master of None: Season 1: "Indians on TV" 
2015-12-03,Master of None: Season 1: "Hot Ticket" 
2015-12-03,Master of None: Season 1: "Parents" 
2015-12-03,Master of None: Season 1: "Plan B" 
2015-12-03,W/ Bob & David: Season 1: "Episode 2" 
2015-12-03,W/ Bob & David: Season 1: "Episode 1" 
2015-11-16,Atari: Game Over 
2015-11-04,R.I.P.D. 
2015-11-01,Futurama: Season 7: "In-A-Gadda-Da-Leela" 
2015-11-01,Futurama: Season 7: "Rebirth" 
2015-10-27,The Walking Dead: Season 4: "Still" 
2015-10-26,The Walking Dead: Season 4: "Claimed" 
2015-10-26,The Walking Dead: Season 5: "No Sanctuary" 
2015-10-26,The Walking Dead: Season 4: "30 Days Without an Accident" 
2015-10-26,Genius Party 
2015-10-26,Penguins of Madagascar: The Movie 
2015-10-25,Ex Machina 
2015-10-23,Death in Paradise: Season 1: "Death in Paradise" 
2015-10-23,Archer: Season 6: "Three to Tango" 
2015-10-23,Archer: Season 6: "The Holdout" 
2015-10-23,Archer: Season 6: "Drastic Voyage: Part I" 
2015-10-23,Archer: Season 1: "Dial M for Mother" 
2015-10-23,Archer: Season 1: "Killing Utne" 
2015-10-22,How to Get Away with Murder: Season 1: "It's All My Fault" 
2015-10-21,How to Get Away with Murder: Season 1: "The Night Lila Died" 
2015-10-21,How to Get Away with Murder: Season 1: "Mama's Here Now" 
2015-10-21,How to Get Away with Murder: Season 1: "She's a Murderer" 
2015-10-21,How to Get Away with Murder: Season 1: "Best Christmas Ever" 
2015-10-21,How to Get Away with Murder: Season 1: "Hello Raskolnikov" 
2015-10-21,How to Get Away with Murder: Season 1: "Kill Me, Kill Me, Kill Me" 
2015-10-21,How to Get Away with Murder: Season 1: "He Has a Wife" 
2015-10-20,How to Get Away with Murder: Season 1: "He Deserved to Die" 
2015-10-20,How to Get Away with Murder: Season 1: "Freakin' Whack-a-Mole" 
2015-10-18,How to Get Away with Murder: Season 1: "We're Not Friends" 
2015-10-18,How to Get Away with Murder: Season 1: "Let's Get to Scooping" 
2015-10-18,How to Get Away with Murder: Season 1: "Smile, or Go to Jail" 
2015-10-18,How to Get Away with Murder: Season 1: "It's All Her Fault" 
2015-10-18,How to Get Away with Murder: Season 1: "Pilot" 
2015-10-17,The IT Crowd: Series 1: "Calamity Jen" 
2015-10-17,The IT Crowd: Series 1: "Yesterday's Jam" 
2015-10-17,The IT Crowd: Series 4: "The Final Countdown" 
2015-10-10,Gotham: Season 1: "All Happy Families Are Alike" 
2015-10-10,Gotham: Season 1: "The Anvil or the Hammer" 
2015-10-10,Gotham: Season 1: "Under the Knife" 
2015-10-10,Gotham: Season 1: "Beasts of Prey" 
2015-10-10,Gotham: Season 1: "Everyone Has a Cobblepot" 
2015-10-08,Gotham: Season 1: "Red Hood" 
2015-10-08,Gotham: Season 1: "The Blind Fortune Teller" 
2015-10-08,Gotham: Season 1: "The Scarecrow" 
2015-10-08,Gotham: Season 1: "The Fearsome Dr. Crane" 
2015-10-08,Gotham: Season 1: "Welcome Back, Jim Gordon" 
2015-10-07,Gotham: Season 1: "What the Little Bird Told Him" 
2015-10-07,Gotham: Season 1: "Rogues' Gallery" 
2015-10-07,Gotham: Season 1: "Lovecraft" 
2015-10-07,Gotham: Season 1: "Harvey Dent" 
2015-10-06,Gotham: Season 1: "The Mask" 
2015-10-06,Gotham: Season 1: "Penguin's Umbrella" 
2015-10-05,Gotham: Season 1: "Spirit of the Goat" 
2015-10-05,Gotham: Season 1: "Viper" 
2015-10-05,Gotham: Season 1: "Arkham" 
2015-10-05,Gotham: Season 1: "The Balloonman" 
2015-10-04,Gotham: Season 1: "Selina Kyle" 
2015-10-04,Gotham: Season 1: "Pilot" 
2015-10-04,The Reconstruction of William Zero 
2015-09-23,The Maze Runner 
2015-09-14,Luther: Season 1: "Episode 2" 
2015-09-14,Luther: Season 1: "Episode 1" 
2015-09-13,Terminator: Salvation 
2015-09-10,Hit Record on TV with Joseph Gordon-Levitt: Season 1: "RE: Games" 
2015-09-10,Hit Record on TV with Joseph Gordon-Levitt: Season 1: "RE: The Other Side" 
2015-09-10,Hit Record on TV with Joseph Gordon-Levitt: Season 1: "RE: Space" 
2015-09-10,Hit Record on TV with Joseph Gordon-Levitt: Season 1: "RE: Trash" 
2015-09-10,Hit Record on TV with Joseph Gordon-Levitt: Season 1: "RE: Fantasy" 
2015-09-10,Hit Record on TV with Joseph Gordon-Levitt: Season 1: "RE: The Number One" 
2015-08-25,Say Anything... 
2015-08-21,Pirates of the Caribbean: The Curse of the Black Pearl 
2015-08-19,Nailed 
2015-08-09,Birdman or (The Unexpected Virtue of Ignorance) 
2015-08-09,BoJack Horseman: Season 2: "Out to Sea" 
2015-08-09,BoJack Horseman: Season 2: "Escape from L.A." 
2015-08-09,BoJack Horseman: Season 2: "Yes And" 
2015-08-09,BoJack Horseman: Season 2: "The Shot" 
2015-08-09,BoJack Horseman: Season 2: "Let's Find Out" 
2015-08-09,BoJack Horseman: Season 2: "Hank After Dark" 
2015-08-09,BoJack Horseman: Season 2: "Higher Love" 
2015-08-09,BoJack Horseman: Season 2: "Chickens" 
2015-08-09,BoJack Horseman: Season 2: "After the Party" 
2015-08-09,BoJack Horseman: Season 2: "Still Broken" 
2015-08-08,BoJack Horseman: Season 2: "Yesterdayland" 
2015-08-08,BoJack Horseman: Season 2: "Brand New Couch" 
2015-07-20,Hunter X Hunter (2011): Season 5: "Tracking x and x Pursuit" 
2015-07-20,Hunter X Hunter (2011): Season 5: "Combination x and x Evolution" 
2015-07-19,Hunter X Hunter (2011): Season 5: "Infiltration x and x Selection" 
2015-07-19,Hunter X Hunter (2011): Season 5: "Carnage x and x Devastation" 
2015-07-19,Hunter X Hunter (2011): Season 5: "A x Lawless x Home" 
2015-07-19,Hunter X Hunter (2011): Season 5: "Grudge x and x Dread" 
2015-07-19,Hunter X Hunter (2011): Season 5: "Friend x and x Journey" 
2015-07-19,Hunter X Hunter (2011): Season 5: "Date x with x Palm" 
2015-07-19,Hunter X Hunter (2011): Season 5: "One Wish x and x Two Promises" 
2015-07-19,Hunter X Hunter (2011): Season 5: "The Strong x and x the Weak" 
2015-07-19,Hunter X Hunter (2011): Season 5: "Interest x and x Curse" 
2015-07-19,Hunter X Hunter (2011): Season 5: "Compassion x and x Strength" 
2015-07-19,Hunter X Hunter (2011): Season 5: "Rock-Paper-Scissors x and x Weakness" 
2015-07-18,Hunter X Hunter (2011): Season 5: "Duel x and x Escape" 
2015-07-18,Hunter X Hunter (2011): Season 5: "Promise x and x Reunion" 
2015-07-18,Hunter X Hunter (2011): Season 5: "Light x and x Darkness" 
2015-07-18,Hunter X Hunter (2011): Season 5: "A x Fated x Awakening" 
2015-07-18,Hunter X Hunter (2011): Season 5: "Inspiration x to x Evolve" 
2015-07-16,Hunter X Hunter (2011): Season 5: "Kite x and x Slots" 
2015-07-16,Hunter X Hunter (2011): Season 5: "Very x Rapid x Reproduction" 
2015-07-16,Hunter X Hunter (2011): Season 5: "The x Fight x Begins" 
2015-07-16,Hunter X Hunter (2011): Season 5: "Evil x and x Terrible" 
2015-07-16,Hunter X Hunter (2011): Season 5: "No x Good x NGL" 
2015-07-16,Hunter X Hunter (2011): Season 5: "Unease x and x Sighting" 
2015-07-15,Hunter X Hunter (2011): Season 5: "Reunion x and x Understanding" 
2015-07-15,Hunter X Hunter (2011): Season 4: "Ging's Friends x and x True Friends" 
2015-07-15,Hunter X Hunter (2011): Season 4: "Victor x and x Loser" 
2015-07-15,Hunter X Hunter (2011): Season 4: "Insanity x and x Sanity" 
2015-07-15,Hunter X Hunter (2011): Season 4: "Chase x and x Chance" 
2015-07-15,Hunter X Hunter (2011): Season 4: "Bargain x and x Deal" 
2015-07-15,Hunter X Hunter (2011): Season 4: "Guts x and x Courage" 
2015-07-15,Hunter X Hunter (2011): Season 4: "A x Heated x Showdown" 
2015-07-15,Hunter X Hunter (2011): Season 4: "Pirates x and x Guesses" 
2015-07-15,Hunter X Hunter (2011): Season 4: "15 x 15" 
2015-07-15,Hunter X Hunter (2011): Season 4: "Strategy x and x Scheme" 
2015-07-15,Hunter X Hunter (2011): Season 4: "Evil Fist x and x Rock-Paper-Scissors" 
2015-07-15,Hunter X Hunter (2011): Season 4: "Strengthen x and x Threaten" 
2015-07-14,Hunter X Hunter (2011): Season 4: "A x Hard x Master?" 
2015-07-13,Hunter X Hunter (2011): Season 4: "Reality? x and x Raw" 
2015-07-13,Hunter X Hunter (2011): Season 4: "Invitation x and x Friend" 
2015-07-13,Hunter X Hunter (2011): Season 4: "End x and x Beginning" 
2015-07-12,Hunter X Hunter (2011): Season 4: "Bid x and x Haste" 
2015-07-12,Hunter X Hunter (2011): Season 3: "Signal x to x Retreat" 
2015-07-12,Hunter X Hunter (2011): Season 3: "Initiative x and x Law" 
2015-07-12,Hunter X Hunter (2011): Season 3: "Beloved x and x Beleaguered" 
2015-07-12,Hunter X Hunter (2011): Season 3: "Alies x and x Lies" 
2015-07-12,Hunter X Hunter (2011): Season 3: "Fortunes x Aren't x Right?" 
2015-07-12,Hunter X Hunter (2011): Season 3: "Fake x and x Psyche" 
2015-07-12,Hunter X Hunter (2011): Season 3: "Assault x and x Impact" 
2015-07-12,Hunter X Hunter (2011): Season 3: "A x Brutal x Battlefield" 
2015-07-09,Hunter X Hunter (2011): Season 3: "Ally x and x Sword" 
2015-07-08,Hunter X Hunter (2011): Season 3: "Pursuit x and x Analysis" 
2015-07-08,Hunter X Hunter (2011): Season 3: "Very x Sharp x Eye" 
2015-07-08,Hunter X Hunter (2011): Season 3: "Condition x and x Condition" 
2015-07-08,Hunter X Hunter (2011): Season 3: "Chasing x and x Waiting" 
2015-07-08,Hunter X Hunter (2011): Season 3: "Restraint x and x Vow" 
2015-07-08,Hunter X Hunter (2011): Season 3: "Buildup x to a x Fierce Battle" 
2015-07-08,Hunter X Hunter (2011): Season 3: "A x Shocking x Tragedy" 
2015-07-08,Hunter X Hunter (2011): Season 3: "Defend x and x Attack" 
2015-07-08,Hunter X Hunter (2011): Season 3: "Gathering x of x Heroes" 
2015-07-08,Hunter X Hunter (2011): Season 3: "Nen x Users x Unite?" 
2015-07-07,Hunter X Hunter (2011): Season 3: "Wish x and x Promise" 
2015-07-07,Hunter X Hunter (2011): Season 2: "Reply x from x Dad" 
2015-07-07,Hunter X Hunter (2011): Season 2: "Ging x and x Gon" 
2015-07-07,Hunter X Hunter (2011): Season 2: "A Big Debt x and x a Small Kick" 
2015-07-07,Hunter X Hunter (2011): Season 2: "The x True x Pass" 
2015-07-06,Hunter X Hunter (2011): Season 2: "Power x to x Avenge" 
2015-07-06,Hunter X Hunter (2011): Season 2: "An x Empty x Threat" 
2015-07-06,Hunter X Hunter (2011): Season 2: "A x Surprising x Win" 
2015-07-06,Hunter X Hunter (2011): Season 2: "Destiny x and x Tenacity" 
2015-07-06,Hunter X Hunter (2011): Season 2: "Fierce x and x Ferocious" 
2015-07-06,Hunter X Hunter (2011): Season 2: "Awakening x and x Potential" 
2015-07-06,Hunter X Hunter (2011): Season 2: "Nen x and x Nen" 
2015-07-06,Hunter X Hunter (2011): Season 2: "Arrival x at x the Arena" 
2015-07-05,Hunter X Hunter (2011): Season 1: "Then x and x After" 
2015-07-05,Hunter X Hunter (2011): Season 1: "Can't See x if x You're Blind" 
2015-07-05,Hunter X Hunter (2011): Season 1: "The x Zoldyck x Family" 
2015-07-04,Hunter X Hunter (2011): Season 1: "The x Guard's x Duty" 
2015-07-04,Hunter X Hunter (2011): Season 1: "A x Dangerous x Watchdog" 
2015-07-04,Hunter X Hunter (2011): Season 1: "Some x Brother x Trouble" 
2015-07-04,Hunter X Hunter (2011): Season 1: "Baffling Turn x of x Events" 
2015-07-04,Hunter X Hunter (2011): Season 1: "Can't Win x But x Can't Lose" 
2015-07-04,Hunter X Hunter (2011): Season 1: "Big x Time x Interview" 
2015-07-04,Hunter X Hunter (2011): Season 1: "Trap x in x the Hole" 
2015-07-04,Hunter X Hunter (2011): Season 1: "Defeat x and x Disgrace" 
2015-07-03,Hunter X Hunter (2011): Season 1: "Scramble x of x Deception" 
2015-07-03,Hunter X Hunter (2011): Season 1: "Hit x the x Target" 
2015-07-03,Hunter X Hunter (2011): Season 1: "Letter x from x Gon" 
2015-07-03,Hunter X Hunter (2011): Season 1: "Last Test x of x Resolve" 
2015-07-03,Hunter X Hunter (2011): Season 1: "Trouble x with x the Gamble" 
2015-07-03,Hunter X Hunter (2011): Season 1: "Trick x to x the Trick" 
2015-07-03,Hunter X Hunter (2011): Season 1: "Beware x of x Prisoners" 
2015-07-03,Hunter X Hunter (2011): Season 1: "Solution x Is x Majority Rules?" 
2015-07-03,Hunter X Hunter (2011): Season 1: "Showdown x on x the Airship" 
2015-07-03,Hunter X Hunter (2011): Season 1: "A x Surprising x Challenge" 
2015-07-02,Hunter X Hunter (2011): Season 1: "Hisoka x Is x Sneaky" 
2015-07-02,Hunter X Hunter (2011): Season 1: "Hope x and x Ambition" 
2015-07-02,Hunter X Hunter (2011): Season 1: "Rivals x for x Survival" 
2015-07-02,Hunter X Hunter (2011): Season 1: "Test x of x Tests" 
2015-07-02,Hunter X Hunter (2011): Season 1: "Departure x and x Friends" 
2015-06-29,Archer: Season 1: "Diversity Hire" 
2015-06-29,Archer: Season 1: "Training Day" 
2015-06-28,Ascension: "Chapter Three, Part 2" 
2015-06-28,Ascension: "Chapter Three, Part 1" 
2015-06-28,Ascension: "Chapter Two, Part 2" 
2015-06-28,Ascension: "Chapter Two, Part 1" 
2015-06-28,Ascension: "Chapter One, Part 2" 
2015-06-15,Bloodline: Season 1: "Part 2" 
2015-06-13,Sense8: Season 1: "I Can’t Leave Her" 
2015-06-13,Sense8: Season 1: "Just Turn the Wheel and the Future Changes" 
2015-06-11,Sense8: Season 1: "What Is Human?" 
2015-06-11,Sense8: Season 1: "Death Doesn’t Let You Say Goodbye" 
2015-06-10,Sense8: Season 1: "We Will All Be Judged by the Courage of Our Hearts" 
2015-06-10,Sense8: Season 1: "W. W. N. Double D?" 
2015-06-10,Sense8: Season 1: "Demons" 
2015-06-10,Sense8: Season 1: "Art Is Like Religion" 
2015-06-09,Sense8: Season 1: "What’s Going On?" 
2015-06-08,Sense8: Season 1: "Smart Money Is on the Skinny Bitch" 
2015-06-08,Sense8: Season 1: "I Am Also a We" 
2015-06-08,Sense8: Season 1: "Limbic Resonance" 
2015-06-05,Halt and Catch Fire: Halt and Catch Fire: Season 1: "1984" 
2015-06-05,Halt and Catch Fire: Halt and Catch Fire: Season 1: "Up Helly Aa" 
2015-06-04,Halt and Catch Fire: Halt and Catch Fire: Season 1: "The 214s" 
2015-06-04,Halt and Catch Fire: Halt and Catch Fire: Season 1: "Giant" 
2015-06-04,Halt and Catch Fire: Halt and Catch Fire: Season 1: "Landfall" 
2015-06-04,Halt and Catch Fire: Halt and Catch Fire: Season 1: "Adventure" 
2015-06-04,Halt and Catch Fire: Halt and Catch Fire: Season 1: "Close to the Metal" 
2015-06-04,Halt and Catch Fire: Halt and Catch Fire: Season 1: "High Plains Hardware" 
2015-06-04,Halt and Catch Fire: Halt and Catch Fire: Season 1: "FUD" 
2015-06-04,Halt and Catch Fire: Halt and Catch Fire: Season 1: "I/O" 
2015-06-03,Seven Psychopaths 
2015-05-29,Moneyball 
2015-05-29,Catch Me If You Can 
2015-05-29,Red Dawn 
2015-05-28,Identity Thief 
2015-05-20,Brooklyn Nine-Nine: Season 2: "Det. Dave Majors" 
2015-05-20,Brooklyn Nine-Nine: Season 2: "Sabotage" 
2015-05-19,Brooklyn Nine-Nine: Season 2: "Captain Peralta" 
2015-05-19,Brooklyn Nine-Nine: Season 2: "Boyle-Linetti Wedding" 
2015-05-19,Brooklyn Nine-Nine: Season 2: "The Wednesday Incident" 
2015-05-19,Brooklyn Nine-Nine: Season 2: "Windbreaker City" 
2015-05-19,Brooklyn Nine-Nine: Season 2: "Defense Rests" 
2015-05-19,Brooklyn Nine-Nine: Season 2: "Payback" 
2015-05-19,Brooklyn Nine-Nine: Season 2: "Beach House" 
2015-05-18,Brooklyn Nine-Nine: Season 2: "Stakeout" 
2015-05-18,Brooklyn Nine-Nine: Season 2: "The Pontiac Bandit Returns" 
2015-05-18,Brooklyn Nine-Nine: Season 2: "The Road Trip" 
2015-05-18,Brooklyn Nine-Nine: Season 2: "Lockdown" 
2015-05-18,Brooklyn Nine-Nine: Season 2: "USPIS" 
2015-05-18,Brooklyn Nine-Nine: Season 2: "Jake and Sophia" 
2015-05-18,Brooklyn Nine-Nine: Season 2: "The Mole" 
2015-05-18,Brooklyn Nine-Nine: Season 2: "Halloween II" 
2015-05-18,Brooklyn Nine-Nine: Season 2: "The Jimmy Jab Games" 
2015-05-18,Brooklyn Nine-Nine: Season 2: "Chocolate Milk" 
2015-05-18,Brooklyn Nine-Nine: Season 2: "Undercover" 
2015-05-12,House of Lies: Season 1: "The Mayan Apocalypse" 
2015-05-11,House of Lies: Season 1: "Business" 
2015-05-11,House of Lies: Season 1: "Prologue and Aftermath" 
2015-05-11,House of Lies: Season 1: "Ouroboros" 
2015-05-11,House of Lies: Season 1: "Veritas" 
2015-05-11,House of Lies: Season 1: "Bareback Town" 
2015-05-11,House of Lies: Season 1: "Our Descent into Los Angeles" 
2015-05-11,House of Lies: Season 1: "Utah" 
2015-05-11,House of Lies: Season 1: "Mini-Mogul" 
2015-05-11,House of Lies: Season 1: "Microphallus" 
2015-05-10,House of Lies: Season 1: "Amsterdam" 
2015-05-10,House of Lies: Season 1: "Gods of Dangerous Financial Instruments" 
2015-05-09,Schitt's Creek: Season 1: "The Drip" 
2015-05-09,Schitt's Creek: Season 1: "The Cup Runneth Over" 
2015-05-09,Scrotal Recall: Season 1: "Phoebe" 
2015-05-06,Scrotal Recall: Season 1: "Bethany" 
2015-05-06,Scrotal Recall: Season 1: "Jane" 
2015-05-06,Scrotal Recall: Season 1: "Cressida" 
2015-05-06,Scrotal Recall: Season 1: "Anna" 
2015-05-06,Scrotal Recall: Season 1: "Abigail" 
2015-05-03,Tonight You're Mine 
2015-04-24,Marvel's Daredevil: Season 1: "Daredevil" 
2015-04-24,Marvel's Daredevil: Season 1: "The Ones We Leave Behind" 
2015-04-24,Marvel's Daredevil: Season 1: "The Path of the Righteous" 
2015-04-24,Marvel's Daredevil: Season 1: "Nelson v. Murdock" 
2015-04-24,Marvel's Daredevil: Season 1: "Speak of the Devil" 
2015-04-24,Marvel's Daredevil: Season 1: "Shadows in the Glass" 
2015-04-24,Marvel's Daredevil: Season 1: "Stick" 
2015-04-23,Marvel's Daredevil: Season 1: "Condemned" 
2015-04-23,Marvel's Daredevil: Season 1: "World On Fire" 
2015-04-23,Marvel's Daredevil: Season 1: "In the Blood" 
2015-04-22,Marvel's Daredevil: Season 1: "Rabbit in a Snowstorm" 
2015-04-22,Marvel's Daredevil: Season 1: "Cut Man" 
2015-04-22,Marvel's Daredevil: Season 1: "Into the Ring" 
2015-04-03,Marvel's Daredevil (Trailer) 
2015-04-03,Equilibrium 
2015-04-03,Let the Right One In 
2015-03-30,Bloodline: Season 1: "Part 1" 
2015-03-30,My Girlfriend's Boyfriend 
2015-03-30,The Fast and the Furious: Tokyo Drift 
2015-03-26,Psycho-Pass: "Rearing Conventions" 
2015-03-26,Psycho-Pass: "Those Capable" 
2015-03-26,Psycho-Pass: "Crime Coefficient" 
2015-03-26,samurai flamenco: Season 1: "Debut of Samurai Flamenco!" 
2015-03-26,Ghost Tears 
2015-03-26,Ghost Whispers 
2015-03-26,Ghost Pain 
2015-03-25,MOVIE 
2015-03-21,Archer: Season 1: "Pilot: Mole Hunt" 
2015-03-21,Archer: Season 1: "Job Offer" 
2015-03-08,Unbreakable Kimmy Schmidt: Season 1: "Kimmy Makes Waffles!" 
2015-03-08,Unbreakable Kimmy Schmidt: Season 1: "Kimmy Goes to Court!" 
2015-03-08,Unbreakable Kimmy Schmidt: Season 1: "Kimmy Rides a Bike!" 
2015-03-08,Unbreakable Kimmy Schmidt: Season 1: "Kimmy's in a Love Triangle!" 
2015-03-07,Unbreakable Kimmy Schmidt: Season 1: "Kimmy Has a Birthday!" 
2015-03-07,Unbreakable Kimmy Schmidt: Season 1: "Kimmy is Bad at Math!" 
2015-03-07,Unbreakable Kimmy Schmidt: Season 1: "Kimmy Goes to a Party!" 
2015-03-07,Unbreakable Kimmy Schmidt: Season 1: "Kimmy Goes to School!" 
2015-03-07,Unbreakable Kimmy Schmidt: Season 1: "Kimmy Kisses a Boy!" 
2015-03-07,Unbreakable Kimmy Schmidt: Season 1: "Kimmy Goes to the Doctor!" 
2015-03-07,Unbreakable Kimmy Schmidt: Season 1: "Kimmy Goes on a Date!" 
2015-03-07,Unbreakable Kimmy Schmidt: Season 1: "Kimmy Gets a Job!" 
2015-03-07,Unbreakable Kimmy Schmidt: Season 1: "Kimmy Goes Outside!" 
2015-02-23,The 100: Season 2: "Resurrection" 
2015-02-23,The 100: Season 2: "Rubicon" 
2015-02-23,The 100: Season 2: "Coup de Grace" 
2015-02-23,The 100: Season 2: "Survival of the Fittest" 
2015-02-23,The 100: Season 2: "Remember Me" 
2015-02-23,The 100: Season 2: "Spacewalker" 
2015-02-21,The 100: Season 2: "Long into an Abyss" 
2015-02-19,The 100: Season 2: "Fog of War" 
2015-01-26,Futurama: Season 10: "Meanwhile" 
2015-01-26,The Interview 
2015-01-25,Jack Ryan: Shadow Recruit 
2015-01-22,13 Sins 
2015-01-22,Drive 
2015-01-22,Z Nation: Season 1: "Doctor of the Dead" 
2015-01-22,Z Nation: Season 1: "Murphy's Law" 
2015-01-22,Z Nation: Season 1: "Sisters of Mercy" 
2015-01-21,Z Nation: Season 1: "Going Nuclear" 
2015-01-21,Z Nation: Season 1: "Die Zombie Die... Again" 
2015-01-21,Z Nation: Season 1: "Zunami" 
2015-01-20,Z Nation: Season 1: "Welcome to the Fu-Bar" 
2015-01-20,Z Nation: Season 1: "Resurrection Z" 
2015-01-19,Z Nation: Season 1: "Home Sweet Zombie" 
2015-01-19,Z Nation: Season 1: "Full Metal Zombie" 
2015-01-19,Z Nation: Season 1: "Philly Feast" 
2015-01-19,Z Nation: Season 1: "Fracking Zombies" 
2015-01-18,Z Nation: Season 1: "Puppies and Kittens" 
2015-01-14,Freak Dance 
2015-01-09,How To Be A Man 
2015-01-09,Why Stop Now 
2015-01-04,SHOW: SEASON: "VideoEpisode" 
2015-01-04,SHOW: SEASON: "VideoEpisode" 
2015-01-03,SHOW: SEASON: "VideoEpisode" 
2015-01-02,SHOW: SEASON: "VideoEpisode" 
2015-01-01,A Fantastic Fear of Everything 
2015-01-01,SHOW: SEASON: "VideoEpisode" 
2015-01-01,SHOW: SEASON: "VideoEpisode"